model,n,horizon,is_final_horizon,mean_log_error,median_log_error,q10_log_error,q90_log_error,empirical_slope_delta
gated_reversal_momentum_burst,1000,10,False,-0.8448773271774991,-0.7468286706557711,-1.4534714423009332,-0.33694765728881076,0.004874859243764106
gated_reversal_momentum_burst,1000,25,False,-1.0402460546666479,-0.8335286753038221,-2.0280590474301587,-0.2641082391466203,0.004874859243764106
gated_reversal_momentum_burst,1000,50,False,-1.3040393291863157,-0.9858931562612236,-2.8787819498620424,-0.210472643811524,0.004874859243764106
gated_reversal_momentum_burst,1000,100,False,-1.7115464781468979,-1.241608990795525,-3.913483466793949,-0.14834849934769667,0.004874859243764106
gated_reversal_momentum_burst,1000,200,False,-2.463573807032262,-1.702035445252167,-5.895165196433619,-0.12116289352733522,0.004874859243764106
gated_reversal_momentum_burst,1000,500,True,-4.39559445449592,-3.1556527929643092,-10.625186265518648,-0.060262647126727464,0.004874859243764106
